{
  "model_name": "Vanilla RNN",
  "hidden_size": 100,
  "train_smooth": [
    [
      1,
      4.261547733950502
    ],
    [
      100,
      4.164385883764488
    ],
    [
      200,
      4.055196251006896
    ],
    [
      300,
      3.939540793006838
    ],
    [
      400,
      3.8243860601584956
    ],
    [
      500,
      3.710862838094931
    ],
    [
      600,
      3.602788638495645
    ],
    [
      700,
      3.493436989145133
    ],
    [
      800,
      3.3921313684544097
    ],
    [
      900,
      3.2930490484130295
    ],
    [
      1000,
      3.2051238156778856
    ],
    [
      1100,
      3.1216646452704193
    ],
    [
      1200,
      3.0390118559683503
    ],
    [
      1300,
      2.9667409042956887
    ],
    [
      1400,
      2.894730829297073
    ],
    [
      1500,
      2.8312683810937145
    ],
    [
      1600,
      2.7684612119687246
    ],
    [
      1700,
      2.7146927044697775
    ],
    [
      1800,
      2.662984322383281
    ],
    [
      1900,
      2.6127648834851738
    ],
    [
      2000,
      2.5730654658061693
    ],
    [
      2100,
      2.5329965804588515
    ],
    [
      2200,
      2.4921701370947082
    ],
    [
      2300,
      2.4552467890529686
    ],
    [
      2400,
      2.4207320185483643
    ],
    [
      2500,
      2.3886137717325426
    ],
    [
      2600,
      2.3632613261622604
    ],
    [
      2700,
      2.339349484064083
    ],
    [
      2800,
      2.3158185326951966
    ],
    [
      2900,
      2.2959944873697324
    ],
    [
      3000,
      2.276277159375679
    ],
    [
      3100,
      2.257367318267959
    ],
    [
      3200,
      2.2391996954732902
    ],
    [
      3300,
      2.222023199757518
    ],
    [
      3400,
      2.2047650837727306
    ],
    [
      3500,
      2.190265414084231
    ],
    [
      3600,
      2.1797772474183716
    ],
    [
      3700,
      2.1699800595511594
    ],
    [
      3800,
      2.1608504900400756
    ],
    [
      3900,
      2.151807113837788
    ],
    [
      4000,
      2.1417228169711526
    ],
    [
      4100,
      2.127110600264127
    ],
    [
      4200,
      2.1153044781646755
    ],
    [
      4300,
      2.1030445837591154
    ],
    [
      4400,
      2.0972626472401967
    ],
    [
      4500,
      2.0901849618781667
    ],
    [
      4600,
      2.078576862980702
    ],
    [
      4700,
      2.0708747253598894
    ],
    [
      4800,
      2.06586612265475
    ],
    [
      4900,
      2.0615815983088903
    ],
    [
      5000,
      2.0574133534740624
    ],
    [
      5100,
      2.0505004853929143
    ],
    [
      5200,
      2.0538395985845503
    ],
    [
      5300,
      2.046496844992673
    ],
    [
      5400,
      2.043704312569284
    ],
    [
      5500,
      2.0367182799289147
    ],
    [
      5600,
      2.02783806001512
    ],
    [
      5700,
      2.019368340351835
    ],
    [
      5800,
      2.0143733360320386
    ],
    [
      5900,
      2.006378872275188
    ],
    [
      6000,
      2.001727691954645
    ],
    [
      6100,
      1.9940198640901623
    ],
    [
      6200,
      1.9872200525956434
    ],
    [
      6300,
      1.9853399116427193
    ],
    [
      6400,
      1.9784710893239277
    ],
    [
      6500,
      1.975641644308147
    ],
    [
      6600,
      1.9808750899938266
    ],
    [
      6700,
      1.9776771444859145
    ],
    [
      6800,
      1.972864339126099
    ],
    [
      6900,
      1.9700615638343686
    ],
    [
      7000,
      1.9693817057659126
    ],
    [
      7100,
      1.9668236206216456
    ],
    [
      7200,
      1.9655946798256214
    ],
    [
      7300,
      1.9622192002005574
    ],
    [
      7400,
      1.953879426239461
    ],
    [
      7500,
      1.9501394209396787
    ],
    [
      7600,
      1.9530177834947353
    ],
    [
      7700,
      1.9491392194149753
    ],
    [
      7800,
      1.9415571040182922
    ],
    [
      7900,
      1.9379376998029083
    ],
    [
      8000,
      1.9314998199817532
    ],
    [
      8100,
      1.9352269333687848
    ],
    [
      8200,
      1.9326390616438431
    ],
    [
      8300,
      1.9306846318262996
    ],
    [
      8400,
      1.92825771145779
    ],
    [
      8500,
      1.930198896443443
    ],
    [
      8600,
      1.9296414913298723
    ],
    [
      8700,
      1.9252977694755782
    ],
    [
      8800,
      1.9236370386815198
    ],
    [
      8900,
      1.9185527724068996
    ],
    [
      9000,
      1.9126041258533597
    ],
    [
      9100,
      1.9144864497825742
    ],
    [
      9200,
      1.9152844247789031
    ],
    [
      9300,
      1.9141030414954268
    ],
    [
      9400,
      1.9137176034582248
    ],
    [
      9500,
      1.912907500123162
    ],
    [
      9600,
      1.9046559332670996
    ],
    [
      9700,
      1.9018759240590375
    ],
    [
      9800,
      1.896575444119187
    ],
    [
      9900,
      1.894191168044704
    ],
    [
      10000,
      1.8962679988680902
    ],
    [
      10100,
      1.8888197043714998
    ],
    [
      10200,
      1.887509685810648
    ],
    [
      10300,
      1.88616713059634
    ],
    [
      10400,
      1.8880661243570072
    ],
    [
      10500,
      1.885954571603226
    ],
    [
      10600,
      1.8835850456264642
    ],
    [
      10700,
      1.8864829400944052
    ],
    [
      10800,
      1.881684348710903
    ],
    [
      10900,
      1.8839135161825755
    ],
    [
      11000,
      1.8792333084038333
    ],
    [
      11100,
      1.8743770425325772
    ],
    [
      11200,
      1.869196389483257
    ],
    [
      11300,
      1.8648186437922571
    ],
    [
      11400,
      1.8640466773111977
    ],
    [
      11500,
      1.8594802987276446
    ],
    [
      11600,
      1.8536424378222345
    ],
    [
      11700,
      1.8491863657935066
    ],
    [
      11800,
      1.846484941869339
    ],
    [
      11900,
      1.8448740577442868
    ],
    [
      12000,
      1.8420332723778128
    ],
    [
      12100,
      1.8530232849564128
    ],
    [
      12200,
      1.8530583879454197
    ],
    [
      12300,
      1.8504712061187882
    ],
    [
      12400,
      1.8505777102299352
    ],
    [
      12500,
      1.8493979223179418
    ],
    [
      12600,
      1.8507114728566243
    ],
    [
      12700,
      1.8468982873700297
    ],
    [
      12800,
      1.8459477123184749
    ],
    [
      12900,
      1.838379425985291
    ],
    [
      13000,
      1.8343919997638467
    ],
    [
      13100,
      1.8347424095681237
    ],
    [
      13200,
      1.835388107904125
    ],
    [
      13300,
      1.8286059819753677
    ],
    [
      13400,
      1.824883413746647
    ],
    [
      13500,
      1.8174920977476878
    ],
    [
      13600,
      1.8194504002221803
    ],
    [
      13700,
      1.820592319126342
    ],
    [
      13800,
      1.8179419469257556
    ],
    [
      13900,
      1.8194755058133
    ],
    [
      14000,
      1.8225549295889258
    ],
    [
      14100,
      1.8186987060574213
    ],
    [
      14200,
      1.8173968758009524
    ],
    [
      14300,
      1.816220995198052
    ],
    [
      14400,
      1.8145895721253777
    ],
    [
      14500,
      1.8101919550400576
    ],
    [
      14600,
      1.8120250997779073
    ],
    [
      14700,
      1.810431955065701
    ],
    [
      14800,
      1.8075941607969115
    ],
    [
      14900,
      1.8134855598737052
    ],
    [
      15000,
      1.8113594394408399
    ],
    [
      15100,
      1.80567736211885
    ],
    [
      15200,
      1.802075846080626
    ],
    [
      15300,
      1.7996731765312097
    ],
    [
      15400,
      1.794985247856985
    ],
    [
      15500,
      1.7953451519931816
    ],
    [
      15600,
      1.7919631568905539
    ],
    [
      15700,
      1.7906144269079767
    ],
    [
      15800,
